method,stage,seed,sweep,seconds,rank,signal_rmse,observation_rmse,noise_sd,loading_variance,elbo,expected_log_likelihood,kl_loading,kl_feature,row_regularization,column_regularization,penalized_elbo,package_negative_elbo,package_score_discrepancy,min_loading_kl,min_feature_kl,current_covariates_match_fitted,fit_seconds,uncontended_timing,final_network_state_entries
mean,cgb,1,10,18.79578639997635,6,0.18219998478889465,1.2385706901550293,1.25059974193573,0.8083701133728027,-336904.51112055697,-328512.3426787845,6295.843505859375,2096.324935913086,-466.74054920327814,-62.6293363571167,-337433.8810061174,336904.5,-0.011120556970126927,32.8411865234375,35.19523620605469,True,18.79578639997635,True,26252
mean,cgb,2,10,18.662684100010665,4,0.16757328808307648,1.238197922706604,1.2497481107711792,1.149271845817566,-336551.8069575612,-328376.11854203383,6165.6822509765625,2010.0061645507812,-463.187315144783,-65.36057090759277,-337080.3548436136,336551.8125,0.005542438826523721,913.9547119140625,420.2222900390625,True,18.662684100010665,False,17384
mean,cgb,3,10,20.890807400021004,5,0.17469151318073273,1.2360774278640747,1.2476294040679932,0.9250583648681641,-336007.2801677628,-328036.75831717683,5989.71826171875,1980.8035888671875,-463.0698741402371,-67.37570068240166,-336537.72574258543,336007.28125,0.00108223722781986,12.748046875,8.56134033203125,True,20.890807400021004,False,0
mean,cgb,4,10,21.253101599984802,6,0.1748550534248352,1.238622784614563,1.2505629062652588,0.7738251686096191,-337005.051243367,-328506.4525342606,6351.6483154296875,2146.950393676758,-463.49725858891435,-69.50458633899689,-337538.0530882949,337005.03125,-0.019993367022834718,15.042724609375,37.77049255371094,True,21.253101599984802,False,26252
mean,cgb,5,10,19.402390799979912,4,0.16993148624897003,1.243874430656433,1.2555509805679321,1.1719329357147217,-337504.4949845407,-329302.598622236,6210.18798828125,1991.7083740234375,-497.95761482556975,-60.24966335296631,-338062.7022627192,337504.5,0.00501545931911096,890.0721435546875,405.72332763671875,True,19.402390799979912,False,17384
mean,cgb,6,10,20.071095000050263,5,0.17163603007793427,1.239259958267212,1.2511239051818848,0.9628437161445618,-337179.60669102566,-328596.151155137,6473.6038818359375,2109.8516540527344,-463.5198647704965,-68.85933101177216,-337711.9858868079,337179.625,0.018308974336832762,60.6485595703125,41.167816162109375,True,20.071095000050263,False,21802
mean,cgb,7,10,21.96557609998854,5,0.1700933575630188,1.237243413925171,1.2487878799438477,0.9353599548339844,-336454.8358496715,-328222.39355841174,6218.743408203125,2013.6988830566406,-463.92245961712507,-57.90411679446697,-336976.6624260831,336454.8125,-0.023349671508185565,15.9716796875,14.247650146484375,True,21.96557609998854,False,0
mean,cgb,8,10,19.348615399969276,4,0.1708429455757141,1.2395105361938477,1.2509684562683105,1.152554988861084,-336593.3637379834,-328571.316313667,6064.5709228515625,1957.4765014648438,-462.8981330367461,-59.13983154296875,-337115.4017025631,336593.375,0.011262016603723168,847.146240234375,391.0914306640625,True,19.348615399969276,False,17384
mean,cgb,9,10,21.219193800003268,6,0.17662890255451202,1.2376104593276978,1.249626874923706,0.8243445754051208,-336679.3713836641,-328356.69952392287,6247.263916015625,2075.407943725586,-466.6364120032511,-65.61657327413559,-337211.62436894147,336679.375,0.0036163359181955457,2.947021484375,0.0024871826171875,True,21.219193800003268,False,26252
mean,cgb,10,10,20.49888860003557,5,0.1763273924589157,1.2374075651168823,1.2494268417358398,0.9603181481361389,-336663.8910247837,-328324.69008179056,6244.2957763671875,2094.9051666259766,-462.41131198314935,-67.84263038635254,-337194.1449671532,336663.875,-0.016024783719331026,102.453857421875,85.68049621582031,True,20.49888860003557,False,21802
mean,cgb,11,10,18.34279270004481,4,0.1674446165561676,1.2343621253967285,1.2458646297454834,1.1356101036071777,-335828.0527946648,-327753.6650993523,6098.899658203125,1975.488037109375,-462.43624228091636,-62.477505683898926,-336352.96654262964,335828.03125,-0.021544664807152003,856.19677734375,392.365234375,True,18.34279270004481,False,17384
mean,cgb,12,10,18.34913650000817,4,0.1694876104593277,1.2406889200210571,1.2522484064102173,1.1519737243652344,-337014.03572885203,-328775.84371225047,6230.2984619140625,2007.8935546875,-464.51103325605766,-59.02895545959473,-337537.5757175677,337014.0,-0.03572885203175247,894.571044921875,402.39349365234375,True,18.34913650000817,False,17384
mean,cgb,13,10,21.081474599952344,5,0.19261866807937622,1.2375160455703735,1.2522492408752441,1.2547746896743774,-338184.3946258186,-328775.9727050422,7338.976318359375,2069.445602416992,-608.0657254492605,-79.36329033970833,-338871.82364160754,338184.4375,0.04287418141029775,33.353759765625,19.435592651367188,True,21.081474599952344,False,21802
mean,cgb,14,10,20.96242599998368,6,0.19419988989830017,1.229968547821045,1.2446846961975098,1.0193780660629272,-336716.9776300699,-327564.1514276773,7085.4091796875,2067.417022705078,-601.8137243269254,-78.98174461722374,-337397.773099014,336716.9375,-0.0401300698867999,10.740234375,15.57489013671875,True,20.96242599998368,False,26252
mean,cgb,15,10,21.44629089999944,6,0.17528511583805084,1.2357068061828613,1.2475742101669312,0.7904561161994934,-336285.1928127863,-328027.91823087714,6181.0115966796875,2076.262985229492,-464.6290450998323,-66.69405184313655,-336816.5159097293,336285.21875,0.025937213678844273,6.684326171875,0.0036773681640625,True,21.44629089999944,False,26252
mean,cgb,16,10,17.376384000031976,4,0.16964438557624817,1.2397969961166382,1.2513421773910522,1.1435434818267822,-336790.9794552401,-328631.04598356044,6159.6737060546875,2000.259765625,-462.75012074702397,-65.2248706817627,-337318.9544466689,336791.0,0.020544759870972484,868.3858642578125,395.5369873046875,True,17.376384000031976,False,17384
mean,cgb,17,10,19.957535800058395,5,0.17056216299533844,1.2399475574493408,1.2515395879745483,0.9202960729598999,-336797.71427608974,-328662.59583736904,6122.99658203125,2012.1218566894531,-464.0898394081742,-71.16491276025772,-337332.9690282582,336797.71875,0.004473910259548575,9.9462890625,14.44451904296875,True,19.957535800058395,False,21802
mean,cgb,18,10,21.410732299962547,6,0.17314413189888,1.2399309873580933,1.2518126964569092,0.7820540070533752,-336796.1719464247,-328706.24456300185,6039.7408447265625,2050.186538696289,-463.48287862218706,-65.71603947877884,-337325.37086452567,336796.1875,0.015553575300145894,30.3848876953125,31.4022216796875,True,21.410732299962547,False,26252
mean,cgb,19,10,18.459932800004026,4,0.18415550887584686,1.2395085096359253,1.252495527267456,1.3170746564865112,-337458.70903026266,-328815.29023753805,6611.737548828125,2031.6812438964844,-480.613672857945,-65.34330558776855,-338004.66600870836,337458.6875,-0.021530262660235167,873.56640625,409.77313232421875,True,18.459932800004026,False,17384
mean,cgb,20,10,20.895621899951948,4,0.17116853594779968,1.2380976676940918,1.2496421337127686,1.1472063064575195,-336548.47118195123,-328359.16075714654,6191.236083984375,1998.0743408203125,-461.4270057375093,-64.59234237670898,-337074.49053006544,336548.46875,-0.00243195123039186,842.4326171875,391.4818115234375,True,20.895621899951948,False,0
mean,cgb,21,10,19.820796299987705,4,0.16997869312763214,1.2400157451629639,1.2516825199127197,1.1637511253356934,-337006.41631834087,-328685.4348425108,6278.1854248046875,2042.7960510253906,-497.04642277776253,-65.49585819244385,-337568.95859931107,337006.40625,-0.010068340867292136,898.447998046875,410.54766845703125,True,19.820796299987705,False,17384
mean,cgb,22,10,21.401874400035013,6,0.17805354297161102,1.237196445465088,1.2492293119430542,0.8104419112205505,-336944.43187806173,-328293.06453797384,6491.298828125,2160.0685119628906,-466.7934995795068,-69.21239870786667,-337480.4377763491,336944.4375,0.005621938267722726,48.5087890625,39.04266357421875,True,21.401874400035013,False,26252
mean,cgb,23,10,19.13134419999551,4,0.16965657472610474,1.2380446195602417,1.2496061325073242,1.141706943511963,-336787.1168984324,-328353.3947609812,6387.28857421875,2046.4335632324219,-462.401672643716,-67.20786476135254,-337316.72643583745,336787.09375,-0.02314843237400055,871.1021728515625,411.49957275390625,True,19.13134419999551,False,17384
mean,cgb,24,10,21.495047500007786,6,0.1720903515815735,1.2379212379455566,1.2496757507324219,0.8065434694290161,-336677.64025569847,-328364.5362975686,6245.5419921875,2067.561965942383,-463.5106468179371,-69.28853534162045,-337210.439437858,336677.65625,0.01599430153146386,5.6962890625,8.547531127929688,True,21.495047500007786,False,26252
mean,cgb,25,10,21.318423799966695,6,0.1715683490037918,1.2392998933792114,1.25114107131958,0.7949733138084412,-336734.9207213599,-328598.89945060795,6098.126953125,2037.8943176269531,-464.9592423273523,-62.55945336818695,-337262.43941705546,336734.9375,0.016778640099801123,15.9010009765625,27.4215087890625,True,21.318423799966695,False,26252
mean,cgb,26,10,19.218401200021617,4,0.1686457246541977,1.2378249168395996,1.249294400215149,1.1445579528808594,-336205.6664093712,-328303.49502265244,5953.9573974609375,1948.2139892578125,-461.69954381197175,-60.86206245422363,-336728.2280156374,336205.65625,-0.010159371187910438,860.217041015625,388.909423828125,True,19.218401200021617,False,17384
mean,cgb,27,10,22.07916549994843,6,0.17546845972537994,1.2361420392990112,1.2482609748840332,0.8224045038223267,-336541.5851281773,-328137.9869378697,6278.337646484375,2125.260543823242,-467.53680210005183,-65.52539575099945,-337074.6473260284,336541.59375,0.008621822693385184,37.096435546875,48.41685485839844,True,22.07916549994843,False,26252
mean,cgb,28,10,21.54658130000462,6,0.1922735869884491,1.2337275743484497,1.2485761642456055,1.0531678199768066,-337572.928079968,-328188.4645637327,7318.7080078125,2065.7555084228516,-578.6899040637018,-67.56062939763069,-338219.17861342937,337572.9375,0.009420031972695142,8.410400390625,13.765228271484375,True,21.54658130000462,False,26252
mean,cgb,29,10,20.79415610001888,5,0.1701522320508957,1.238691806793213,1.250482439994812,0.9568888545036316,-336637.75553307025,-328493.6023043105,6118.6029052734375,2025.5503234863281,-464.28396025550205,-65.48039263486862,-337167.5198859606,336637.75,-0.005533070245292038,70.6793212890625,49.8240966796875,True,20.79415610001888,False,21802
mean,cgb,30,10,17.140466000011656,5,0.17349430918693542,1.2392529249191284,1.2510048151016235,0.9479116797447205,-336868.33289657143,-328577.1262010148,6247.920166015625,2043.2865295410156,-461.82674346076743,-70.53603261709213,-337400.6956726493,336868.34375,0.010853428568225354,34.312255859375,19.776641845703125,True,17.140466000011656,False,21802
mean,cold,1,30,15.711858999973629,4,0.08872510492801666,1.248033881187439,1.2513355016708374,0.01470968872308731,-332444.31007895805,-328629.9804585967,1814.2147827148438,2000.1148376464844,-711.1316314553198,-58.26089000701904,-333213.7026004204,332444.3125,0.002421041950583458,175.638916015625,393.6483154296875,True,15.711858999973629,True,70644
mean,cold,2,30,19.031260199961253,4,0.08410762995481491,1.2461885213851929,1.2486677169799805,0.0024641624186187983,-331923.35529087624,-328203.1341910227,1691.4581909179688,2028.7629089355469,-716.1417114754233,-64.08630657196045,-332703.58330892364,331923.34375,-0.011540876235812902,91.4095458984375,419.5645751953125,True,19.031260199961253,False,70644
mean,cold,3,30,21.323877200105926,4,0.08436401933431625,1.2439868450164795,1.2471582889556885,0.011780519969761372,-331712.9153842273,-327961.223276073,1785.2471923828125,1966.4449157714844,-721.79984738438,-64.06929588317871,-332498.78452749486,331712.875,-0.04038422729354352,148.05859375,386.6466979980469,True,21.323877200105926,False,70644
mean,cold,4,30,19.099403400032315,4,0.08414804935455322,1.2470252513885498,1.250255823135376,0.018174661323428154,-332342.4997898367,-328457.33774149686,1818.7601623535156,2066.401885986328,-722.4206967101311,-62.15714454650879,-333127.0776310933,332342.46875,-0.031039836700074375,167.91482543945312,418.64752197265625,True,19.099403400032315,False,70644
mean,cold,5,30,22.15349639992928,4,0.08049631863832474,1.2516306638717651,1.2545654773712158,0.01188942976295948,-332898.7893058655,-329145.5646964905,1762.2470092773438,1990.9776000976562,-717.3304654769246,-57.64505195617676,-333673.76482329855,332898.78125,-0.008055865473579615,110.0892333984375,405.2963562011719,True,22.15349639992928,False,70644
mean,cold,6,30,19.330023500020616,4,0.08682581037282944,1.2476563453674316,1.2506052255630493,0.008647657930850983,-332344.3240506371,-328513.2340542992,1748.0312194824219,2083.0587768554688,-713.0126706779588,-67.96505355834961,-333125.3017748734,332344.34375,0.019699362921528518,125.67324829101562,434.5212097167969,True,19.330023500020616,False,70644
mean,cold,7,30,19.15671469992958,4,0.08065677434206009,1.2450847625732422,1.2480835914611816,0.011774931102991104,-331882.7348182275,-328109.5673682763,1768.2750854492188,2004.8923645019531,-722.2045656798055,-58.226335525512695,-332663.1657194328,331882.71875,-0.01606822747271508,158.97003173828125,399.9078674316406,True,19.15671469992958,False,70644
mean,cold,8,30,18.867111600004137,4,0.08438686281442642,1.2469749450683594,1.2501838207244873,0.017320280894637108,-332204.98585647234,-328445.82289260515,1785.5789794921875,1973.583984375,-719.4829902667553,-61.26287078857422,-332985.73171752767,332204.96875,-0.017106472339946777,157.974853515625,392.95477294921875,True,18.867111600004137,False,70644
mean,cold,9,30,19.653222400083905,4,0.08639917522668839,1.2467957735061646,1.2498853206634521,0.01200805138796568,-332183.86004744354,-328398.0678111154,1765.0870361328125,2020.7052001953125,-714.7807831465586,-62.74582004547119,-332961.38665063557,332183.84375,-0.016297443537041545,125.20513916015625,410.62164306640625,True,19.653222400083905,False,70644
mean,cold,10,30,19.698085799900582,4,0.08807569742202759,1.2468591928482056,1.249758243560791,0.0073085688054561615,-332127.17633981485,-328377.73551339883,1740.45849609375,2008.9823303222656,-713.2646830701665,-62.62850856781006,-332903.06953145284,332127.15625,-0.020089814846869558,104.7904052734375,416.899658203125,True,19.698085799900582,False,70644
mean,cold,11,30,18.947633099975064,4,0.08537091314792633,1.2418524026870728,1.2445706129074097,0.007551258895546198,-331247.02283916867,-327545.81849346554,1711.1437377929688,1990.0606079101562,-721.2332667416171,-62.59074020385742,-332030.84684611415,331247.03125,0.008410831331275403,102.3555908203125,395.4078674316406,True,18.947633099975064,False,70644
mean,cold,12,30,18.959051899961196,4,0.08470721542835236,1.2489515542984009,1.2514419555664062,0.003956596367061138,-332359.48221650417,-328646.9832846194,1692.0610961914062,2020.4378356933594,-716.2096623878272,-58.06825637817383,-333133.7601352702,332359.5,0.017783495830371976,109.59271240234375,399.5469665527344,True,18.959051899961196,False,70644
mean,cold,13,30,19.34253999995417,4,0.09493693709373474,1.247693657875061,1.2513149976730347,0.03565315529704094,-332435.805225619,-328626.7091257655,1752.8734130859375,2056.222686767578,-814.4808414314987,-69.64131546020508,-333319.9273825107,332435.8125,0.007274381001479924,116.6947021484375,437.5945739746094,True,19.34253999995417,False,70644
mean,cold,14,30,18.959197799907997,4,0.09752479940652847,1.2397186756134033,1.2440212965011597,0.05402188375592232,-331317.32180231623,-327457.52422541194,1838.0492858886719,2021.748291015625,-847.2217952132208,-74.98795890808105,-332239.53155643755,331317.3125,-0.00930231623351574,132.28366088867188,412.9566650390625,True,18.959197799907997,False,70644
mean,cold,15,30,18.981098500051303,4,0.08133380860090256,1.2440778017044067,1.2474870681762695,0.02000562660396099,-331855.696283245,-328013.9370669364,1830.9312744140625,2010.8279418945312,-708.5949536791353,-63.14595127105713,-332627.4371881952,331855.6875,-0.008783244993537664,173.2420654296875,415.24737548828125,True,18.981098500051303,False,70644
mean,cold,16,30,18.646267699892633,4,0.0816604271531105,1.2471803426742554,1.2502394914627075,0.012365934439003468,-332220.4874065987,-328454.73581968463,1759.3638305664062,2006.3877563476562,-725.7409997767331,-64.11838817596436,-333010.3467945514,332220.5,0.012593401304911822,160.56927490234375,402.6232604980469,True,18.646267699892633,False,70644
mean,cold,17,30,18.52490310004214,4,0.08364575356245041,1.2478846311569214,1.250784158706665,0.011669103056192398,-332299.86633167416,-328541.8376451507,1756.09814453125,2001.9305419921875,-712.9854189980506,-66.54871273040771,-333079.4004634026,332299.875,0.00866832584142685,132.9183349609375,387.1861572265625,True,18.52490310004214,False,70644
mean,cold,18,30,18.88227659993572,4,0.08599358797073364,1.2489959001541138,1.2518483400344849,0.008859271183609962,-332404.97581356333,-328711.9370867567,1714.0965270996094,1978.9421997070312,-706.1219342645635,-61.536566734313965,-333172.6343145622,332404.96875,-0.007063563331030309,122.42184448242188,390.2174072265625,True,18.88227659993572,False,70644
mean,cold,19,30,18.983579799940344,4,0.08315829932689667,1.2476955652236938,1.2508546113967896,0.012546287849545479,-332354.41746918793,-328553.11165253754,1776.0905456542969,2025.2152709960938,-722.5539282516781,-63.56758499145508,-333140.53898243106,332354.4375,0.020030812069308013,155.80032348632812,409.2457275390625,True,18.983579799940344,False,70644
mean,cold,20,30,19.694499600096606,4,0.08491924405097961,1.2456650733947754,1.248681664466858,0.01181828323751688,-331978.20363436313,-328205.3679104862,1774.4817199707031,1998.35400390625,-709.7685794856549,-60.17805767059326,-332748.1502715194,331978.21875,0.015115636866539717,137.86245727539062,380.8155212402344,True,19.694499600096606,False,70644
mean,cold,21,30,19.757577300042612,4,0.0847276970744133,1.2475652694702148,1.2506004571914673,0.009502132423222065,-332328.835564799,-328512.4786006877,1778.0599365234375,2038.2970275878906,-717.8821796207001,-63.124467849731445,-333109.84221226943,332328.84375,0.00818520097527653,155.5172119140625,406.3486022949219,True,19.757577300042612,False,70644
mean,cold,22,30,19.638667700026417,4,0.08382762968540192,1.2461538314819336,1.249508261680603,0.012664565816521645,-332234.95519670506,-328337.72308000585,1826.6681518554688,2070.56396484375,-726.3930957406457,-66.0341968536377,-333027.38248929934,332234.9375,-0.017696705064736307,170.06671142578125,407.8765869140625,True,19.638667700026417,False,70644
mean,cold,23,30,19.082586299889954,4,0.082729771733284,1.245185375213623,1.2484711408615112,0.012742039747536182,-332038.2180445199,-328171.6373865609,1818.6700439453125,2047.9106140136719,-711.6539716761355,-64.72043418884277,-332814.59245038487,332038.21875,0.0007054801099002361,213.3875732421875,414.58587646484375,True,19.082586299889954,False,70644
mean,cold,24,30,19.331684100063285,4,0.08316273242235184,1.2463918924331665,1.2492233514785767,0.01251273788511753,-332085.84528833936,-328292.1090212495,1758.758544921875,2034.9777221679688,-708.5227431378763,-65.02113819122314,-332859.3891696685,332085.875,0.029711660637985915,113.02459716796875,402.74603271484375,True,19.331684100063285,False,70644
mean,cold,25,30,19.24706900003366,4,0.07916978001594543,1.248223066329956,1.2511128187179565,0.011360300704836845,-332307.014506566,-328594.37897800154,1746.9948120117188,1965.6407165527344,-714.7727141298915,-59.377623558044434,-333081.1648442539,332307.0,-0.014506565988995135,154.1915283203125,392.70562744140625,True,19.24706900003366,False,70644
mean,cold,26,30,19.577870600041933,4,0.08439135551452637,1.2456008195877075,1.2484160661697388,0.008175240829586983,-331854.50313642074,-328162.84085919906,1714.5425567626953,1977.1197204589844,-714.6646025459661,-63.41399097442627,-332632.5817299411,331854.5,-0.0031364207388833165,95.29725646972656,389.49322509765625,True,19.577870600041933,False,70644
mean,cold,27,30,19.768161199928727,4,0.08293722569942474,1.2458339929580688,1.2489864826202393,0.012710344977676868,-332048.6284226902,-328254.1902513035,1796.74853515625,1997.6896362304688,-698.427080876396,-62.2341890335083,-332809.2896926001,332048.625,-0.003422690206207335,165.98992919921875,371.04254150390625,True,19.768161199928727,False,70644
mean,cold,28,30,19.33248689994798,4,0.08186779916286469,1.2450200319290161,1.2475910186767578,0.006012320052832365,-331708.764669191,-328030.6067102066,1695.8245849609375,1982.3333740234375,-725.7086355319107,-57.20441246032715,-332491.6777171832,331708.75,-0.01466919097583741,114.13189697265625,415.0975341796875,True,19.33248689994798,False,70644
mean,cold,29,30,19.476197899901308,4,0.08430943638086319,1.2473728656768799,1.2500609159469604,0.005656315479427576,-332110.51679213915,-328426.18195327197,1707.2745971679688,1977.0602416992188,-727.4048516285409,-63.73792362213135,-332901.6595673898,332110.53125,0.014457860845141113,118.3436279296875,389.35638427734375,True,19.476197899901308,False,70644
mean,cold,30,30,17.080333299963968,4,0.08366718143224716,1.24699866771698,1.2502704858779907,0.01079169474542141,-332296.05973699444,-328459.69016912335,1815.0305480957031,2021.3390197753906,-721.5853072146895,-65.84665870666504,-333083.4917029158,332296.0625,0.0027630055556073785,143.42620849609375,408.81488037109375,True,17.080333299963968,False,70644
mean,warm,1,20,31.50536039992585,4,0.08190251886844635,1.249987006187439,1.2523839473724365,0.0001820580946514383,-332322.8081457661,-328797.48270631296,1535.0944213867188,1990.2310180664062,-460.655662486099,-59.86722469329834,-332843.3310329455,332322.8125,0.004354233911726624,49.779052734375,393.0390930175781,True,31.50536039992585,True,17652
mean,warm,2,20,36.08107079999172,4,0.07732436060905457,1.2468271255493164,1.2491706609725952,1.8069018551614136e-05,-331827.4269257828,-328283.669967775,1530.5234069824219,2013.2335510253906,-464.28333687191696,-63.212361335754395,-332354.9226239905,331827.40625,-0.02067578281275928,49.7734375,419.13226318359375,True,36.08107079999172,False,17652
mean,warm,3,20,36.865209499927005,4,0.08062450587749481,1.2457810640335083,1.248192548751831,0.00013570782903116196,-331622.43240898836,-328127.01627129305,1531.5459594726562,1963.8701782226562,-464.92366493571376,-63.66919136047363,-332151.0252652845,331622.4375,0.005091011640615761,49.770263671875,386.02056884765625,True,36.865209499927005,False,17652
mean,warm,4,20,37.78590230003465,4,0.07855623960494995,1.2490143775939941,1.2513749599456787,4.205383447697386e-05,-332224.3056280719,-328636.2877447711,1527.0108337402344,2061.007049560547,-463.0122264805929,-64.2026195526123,-332751.5204741051,332224.3125,0.00687192811165005,49.7471923828125,417.2348327636719,True,37.78590230003465,False,17652
mean,warm,5,20,36.373967999912566,4,0.07491979002952576,1.253019094467163,1.2554107904434204,0.00015008769696578383,-332800.6906393744,-329280.26958834904,1533.3550415039062,1987.0660095214844,-462.49678656428694,-58.24070167541504,-333321.42812761414,332800.6875,-0.0031393744284287095,49.8968505859375,403.29510498046875,True,36.373967999912566,False,17652
mean,warm,6,20,37.54967010000837,4,0.08073461055755615,1.2487664222717285,1.251224398612976,9.008181950775906e-05,-332219.3100449524,-328612.2272507629,1533.4783020019531,2073.6044921875,-462.01615603504194,-70.03397750854492,-332751.360178496,332219.34375,0.0337050476227887,49.76611328125,433.27685546875,True,37.54967010000837,False,17652
mean,warm,7,20,37.50136329999077,4,0.07787667959928513,1.2464524507522583,1.2487871646881104,6.004126771586016e-05,-331754.166238958,-328222.27820795216,1528.53076171875,2003.3572692871094,-462.39952491649734,-58.579397201538086,-332275.14516107604,331754.15625,-0.009988958016037941,50.875244140625,399.552001953125,True,37.50136329999077,False,17652
mean,warm,8,20,35.989067599963164,4,0.07366887480020523,1.2487789392471313,1.2512056827545166,0.00026781606720760465,-332097.5170297657,-328609.2309274708,1523.9208679199219,1964.365234375,-462.04365995117985,-60.43877983093262,-332619.9994695478,332097.53125,0.0142202342976816,51.4271240234375,392.03533935546875,True,35.989067599963164,False,17652
mean,warm,9,20,37.74509160002344,4,0.07678477466106415,1.2484347820281982,1.2508504390716553,0.00014108327741269022,-332106.9022652518,-328552.4436470877,1554.6059875488281,1999.8526306152344,-460.45561604564,-61.371524810791016,-332628.7294061082,332106.90625,0.003984748211223632,49.760986328125,404.66375732421875,True,37.74509160002344,False,17652
mean,warm,10,20,37.23333790001925,4,0.0804528072476387,1.2481703758239746,1.2506113052368164,0.00011870772141264752,-332037.8492854986,-328514.20090903377,1521.3134155273438,2002.3349609375,-461.9935749984386,-62.76631546020508,-332562.6091759573,332037.84375,-0.005535498610697687,50.115478515625,416.0460205078125,True,37.23333790001925,False,17652
mean,warm,11,20,36.008134200033965,4,0.08109613507986069,1.2427654266357422,1.2451924085617065,0.00019376770069357008,-331166.2725925478,-327645.72764015524,1539.4687805175781,1981.076171875,-459.64512744616553,-62.045166015625,-331687.9628860096,331166.28125,0.008657452184706926,49.845947265625,394.87811279296875,True,36.008134200033965,False,17652
mean,warm,12,20,35.96027019995381,4,0.08031310141086578,1.2494933605194092,1.2518095970153809,2.408480031590443e-05,-332239.55248365935,-328705.7487116867,1529.2928466796875,2004.5109252929688,-463.0154272095947,-58.119707107543945,-332760.6876179765,332239.5625,0.010016340645961463,49.8245849609375,396.0421447753906,True,35.96027019995381,False,17652
mean,warm,13,20,36.87583920013276,4,0.08470949530601501,1.2488116025924683,1.2518385648727417,0.0014662190806120634,-332366.5459615798,-328710.3711263747,1599.0645141601562,2057.110321044922,-600.567850285244,-79.08771133422852,-333046.20152319927,332366.5625,0.016538420226424932,50.498291015625,437.2167053222656,True,36.87583920013276,False,17652
mean,warm,14,20,37.585860299965134,4,0.0850139930844307,1.2416940927505493,1.244776725769043,0.0019935297314077616,-331205.6289603021,-327578.9479834344,1607.9889602661133,2018.6920166015625,-598.2981043851564,-76.07940292358398,-331880.00646761083,331205.625,-0.003960302099585533,50.7239990234375,409.9486389160156,True,37.585860299965134,False,17652
mean,warm,15,20,38.604329500027234,4,0.07640418410301208,1.246178388595581,1.2485917806625366,9.601948113413528e-05,-331727.54866044316,-328190.95704667363,1527.4997863769531,2009.0918273925781,-463.48659233155934,-63.989562034606934,-332255.0248148093,331727.5625,0.013839556835591793,49.7646484375,414.9061584472656,True,38.604329500027234,False,17652
mean,warm,16,20,35.75849210002343,4,0.07802007347345352,1.2484930753707886,1.2509346008300781,0.00012257316848263144,-332101.0079440392,-328565.8967685021,1529.5927734375,2005.5184020996094,-462.6494693284274,-66.59531211853027,-332630.2527254861,332101.0,-0.007944039185531437,50.531494140625,402.38311767578125,True,35.75849210002343,False,17652
mean,warm,17,20,36.699035700119566,4,0.07830590754747391,1.2492042779922485,1.2515952587127686,0.0001363732008030638,-332202.1848843159,-328671.5023891987,1535.2221069335938,1995.4603881835938,-462.371990952408,-67.49397277832031,-332732.0508480466,332202.1875,0.0026156841195188463,50.28955078125,386.368408203125,True,36.699035700119566,False,17652
mean,warm,18,20,38.50315179993049,4,0.08013198524713516,1.2498751878738403,1.2523143291473389,0.00021661026403307915,-332286.82206438854,-328786.3690004237,1532.5137634277344,1967.9393005371094,-459.1256552759686,-62.171156883239746,-332808.1188765477,332286.8125,-0.009564388543367386,50.4425048828125,389.6083679199219,True,38.50315179993049,False,17652
mean,warm,19,20,36.66651039995486,4,0.0896172970533371,1.2486836910247803,1.2517939805984497,0.0014323864597827196,-332280.1915771556,-328703.2406799388,1518.0982360839844,2058.8526611328125,-478.9539026824283,-61.29624271392822,-332820.44172255194,332280.15625,-0.035327155608683825,49.86871337890625,425.9271240234375,True,36.66651039995486,False,17652
mean,warm,20,20,36.386782400019,4,0.07983968406915665,1.2470413446426392,1.2494419813156128,0.00014677020953968167,-331842.48266438115,-328327.1152937757,1528.5599670410156,1986.8074035644531,-461.25191343942936,-62.208069801330566,-332365.9426476219,331842.5,0.01733561884611845,50.55206298828125,380.8834228515625,True,36.386782400019,False,17652
mean,warm,21,20,36.3390699000156,4,0.08052296936511993,1.2490792274475098,1.2514333724975586,6.335553189273924e-05,-332209.4321128316,-328645.6348716207,1528.5514526367188,2035.2457885742188,-462.8942850939359,-62.79410743713379,-332735.1205053627,332209.46875,0.03663716837763786,49.767822265625,405.7545166015625,True,36.3390699000156,False,17652
mean,warm,22,20,38.36322670002119,4,0.07936675101518631,1.2481552362442017,1.2505673170089722,8.074113429756835e-05,-332110.3073311745,-328507.16414269793,1534.4066772460938,2068.7365112304688,-463.9331361373314,-67.51148509979248,-332641.7519524116,332110.3125,0.005168825504370034,50.4727783203125,406.8856201171875,True,38.36322670002119,False,17652
mean,warm,23,20,37.18019450007705,4,0.07700222730636597,1.246961236000061,1.2494145631790161,0.00013660924741998315,-331900.20235551323,-328322.71584428276,1530.305419921875,2047.1810913085938,-461.8548019839246,-66.71305847167969,-332428.77021596883,331900.21875,0.01639448676723987,50.992431640625,413.61651611328125,True,37.18019450007705,False,17652
mean,warm,24,20,38.462891700008186,4,0.07743897289037704,1.2476049661636353,1.2499585151672363,8.58503335621208e-05,-331972.14181168977,-328409.78774674836,1531.9555969238281,2030.3984680175781,-462.9008279451216,-66.16424655914307,-332501.206886194,331972.15625,0.01443831023061648,49.7635498046875,402.3280944824219,True,38.462891700008186,False,17652
mean,warm,25,20,38.578766500082565,4,0.07631338387727737,1.2492841482162476,1.2516794204711914,0.00017343048239126801,-332178.2421943492,-328684.93460767926,1530.51904296875,1962.7885437011719,-460.21169137048525,-59.53254508972168,-332697.98643080937,332178.25,0.007805650820955634,50.197021484375,392.1934509277344,True,38.578766500082565,False,17652
mean,warm,26,20,36.79866809991654,4,0.07683808356523514,1.246660590171814,1.2491053342819214,0.0001795438292901963,-331758.1817701969,-328273.2409132633,1525.7478332519531,1959.1930236816406,-462.003035486266,-64.94140720367432,-332285.1262128868,331758.15625,-0.025520196883007884,50.15521240234375,388.7264099121094,True,36.79866809991654,False,17652
mean,warm,27,20,39.30212059995392,4,0.0782845988869667,1.2473093271255493,1.2497403621673584,0.00022215874923858792,-331903.17387014965,-328374.8671684895,1533.8891296386719,1994.4175720214844,-460.77487190625595,-63.14079761505127,-332427.08953967097,331903.1875,0.013629850349389017,50.837890625,370.6410217285156,True,39.30212059995392,False,17652
mean,warm,28,20,38.48092489998089,4,0.08709429204463959,1.2448865175247192,1.2476811408996582,0.0009323291596956551,-331676.742411576,-328045.05189033574,1599.4502868652344,2032.240234375,-606.9635414062486,-64.56790447235107,-332348.2738574546,331676.71875,-0.02366157597862184,50.0762939453125,431.03887939453125,True,38.48092489998089,False,17652
mean,warm,29,20,37.63756460000877,4,0.0776522234082222,1.2483595609664917,1.2507197856903076,7.267086766660213e-05,-332026.434278458,-328531.5398997959,1524.439453125,1970.4549255371094,-462.8167304053439,-63.98432159423828,-332553.23533045757,332026.46875,0.034471541992388666,49.7803955078125,389.1042785644531,True,37.63756460000877,False,17652
mean,warm,30,20,32.510368600080255,4,0.0765228196978569,1.2490394115447998,1.2514455318450928,7.503385859308764e-05,-332193.08887425734,-328647.5784677632,1530.4686279296875,2015.0417785644531,-462.361409936314,-66.08386516571045,-332721.5341493594,332193.0625,-0.02637425734428689,50.375,408.08978271484375,True,32.510368600080255,False,17652
mean_second,cgb,1,10,19.17440709998482,6,0.18433406949043274,1.2381389141082764,1.2502256631851196,0.8121121525764465,-336864.80858597206,-328452.5340803568,6298.8746337890625,2113.399871826172,-469.84058698831745,-62.84622859954834,-337397.4954015599,336864.8125,0.003914027940481901,29.168701171875,45.245697021484375,True,19.17440709998482,True,26732
mean_second,cgb,2,10,18.54044270000304,4,0.16758564114570618,1.2381900548934937,1.2497433423995972,1.1499388217926025,-336568.8737100556,-328375.3590616181,6183.4525146484375,2010.0621337890625,-462.60251677614934,-65.36166000366211,-337096.8378868354,336568.875,0.0012899443972855806,914.7890625,420.24859619140625,True,18.54044270000304,False,17576
mean_second,cgb,3,10,22.21334659997956,6,0.17598681151866913,1.2354282140731812,1.2472151517868042,0.77884840965271,-336012.75912115857,-327970.35206244275,6011.459228515625,2030.9478302001953,-463.8414433660606,-69.16931058466434,-336545.7698751093,336012.78125,0.022128841432277113,9.1484375,12.08551025390625,True,22.21334659997956,False,26732
mean_second,cgb,4,10,21.36698490002891,6,0.18015658855438232,1.2372550964355469,1.2494908571243286,0.8031248450279236,-336983.7536803848,-328334.94078365626,6434.4742431640625,2214.338653564453,-468.36301214994546,-70.16768717765808,-337522.28437971236,336983.75,-0.0036803847760893404,31.2899169921875,45.30497741699219,True,21.36698490002891,False,26732
mean_second,cgb,5,10,19.886145699972985,4,0.1703186184167862,1.2436753511428833,1.2554662227630615,1.1846404075622559,-337526.83315763256,-329289.1018954255,6245.875732421875,1991.8555297851562,-491.30888004124,-60.2719144821167,-338078.4139521559,337526.8125,-0.020657632558140904,901.550537109375,405.85443115234375,True,19.886145699972985,False,17576
mean_second,cgb,6,10,21.211748200003058,6,0.17432977259159088,1.2387053966522217,1.2506619691848755,0.7987985610961914,-337104.6793933327,-328522.31518129655,6442.095703125,2140.268508911133,-467.2766890832377,-69.78344921767712,-337641.7395316336,337104.6875,0.008106667315587401,4.0390625,1.943817138671875,True,21.211748200003058,False,26732
mean_second,cgb,7,10,21.841445500060217,6,0.17514978349208832,1.235121250152588,1.2473764419555664,0.8046389222145081,-336469.79833586665,-327996.20725615474,6326.3974609375,2147.193618774414,-470.18826753854023,-63.22229051589966,-337003.2088939211,336469.78125,-0.017085866653360426,52.16357421875,70.39212036132812,True,21.841445500060217,False,26732
mean_second,cgb,8,10,21.34220829998958,6,0.17517460882663727,1.2377835512161255,1.2498037815093994,0.7932977080345154,-336554.1431859407,-328385.0127538118,6092.9571533203125,2076.1732788085938,-466.1139266076132,-63.523614048957825,-337083.78072659724,336554.125,-0.018185940687544644,36.7552490234375,56.60150146484375,True,21.34220829998958,False,26732
mean_second,cgb,9,10,21.59552820000681,6,0.1790734827518463,1.2368980646133423,1.2490898370742798,0.8344570398330688,-336663.68688515783,-328270.74071816565,6279.0206298828125,2113.925537109375,-470.0064016184436,-66.34750604629517,-337200.04079282255,336663.65625,-0.030635157832875848,26.6680908203125,22.688720703125,True,21.59552820000681,False,26732
mean_second,cgb,10,10,21.307635300036054,6,0.17754246294498444,1.2370994091033936,1.2491788864135742,0.8099722266197205,-336583.26401069947,-328284.99098518677,6185.1026611328125,2113.170364379883,-465.7954744621361,-68.3221772313118,-337117.38166239293,336583.28125,0.017239300534129143,10.29052734375,10.653305053710938,True,21.307635300036054,False,26732
mean_second,cgb,11,10,20.999406699993415,4,0.16733960807323456,1.2343742847442627,1.2458763122558594,1.1352139711380005,-335843.43088121543,-327755.53534288536,6112.373291015625,1975.5222473144531,-463.2133828063088,-62.47986030578613,-336369.12412432756,335843.4375,0.006618784565944225,855.857177734375,392.3793029785156,True,20.999406699993415,False,0
mean_second,cgb,12,10,19.74930209995364,4,0.16971901059150696,1.240476369857788,1.2521638870239258,1.1682088375091553,-337063.5466535401,-328762.32726267097,6293.1412353515625,2008.0781555175781,-478.3491962293902,-59.044976234436035,-337600.9408260039,337063.5625,0.015846459893509746,904.3350830078125,402.5312194824219,True,19.74930209995364,False,17576
mean_second,cgb,13,10,21.263488399999915,6,0.19900938868522644,1.2355455160140991,1.250849962234497,1.0601708889007568,-338068.82960889424,-328552.36934278096,7324.4176025390625,2192.0426635742188,-600.9128718227756,-83.42693328857422,-338753.1694140056,338068.84375,0.014141105755697936,31.3846435546875,58.14617919921875,True,21.263488399999915,False,26732
mean_second,cgb,14,10,20.98278610003763,6,0.19988851249217987,1.2285070419311523,1.2434959411621094,1.0324300527572632,-336671.4197824402,-327373.0445840759,7149.404296875,2148.970901489258,-606.5291909061053,-80.01036930084229,-337357.9593426471,336671.4375,0.017717559821903706,39.3497314453125,62.1224365234375,True,20.98278610003763,False,26732
mean_second,cgb,15,10,21.383723099977942,6,0.17965583503246307,1.2342493534088135,1.2465265989303589,0.8084728121757507,-336265.44092771003,-327859.89377805183,6250.412841796875,2155.134307861328,-466.51602770062516,-68.86362886428833,-336800.82058427494,336265.4375,-0.0034277100348845124,48.0008544921875,59.35400390625,True,21.383723099977942,False,26732
mean_second,cgb,16,10,20.887296200031415,6,0.1719585359096527,1.2391117811203003,1.2508355379104614,0.7841416001319885,-336757.97301231296,-328550.05583702,6163.62939453125,2044.2877807617188,-465.296929648173,-66.0105829834938,-337289.2805249446,336757.96875,-0.004262312955688685,13.654052734375,14.294219970703125,True,20.887296200031415,False,26732
mean_second,cgb,17,10,21.08301549992757,6,0.1747944951057434,1.238534688949585,1.2505196332931519,0.8094865679740906,-336747.6593498227,-328499.5280632016,6171.397705078125,2076.7335815429688,-468.6672226858414,-72.14670866727829,-337288.4732811758,336747.65625,-0.003099822672083974,37.8629150390625,32.4599609375,True,21.08301549992757,False,26732
mean_second,cgb,18,10,21.287802500039106,6,0.17627041041851044,1.239048719406128,1.2511366605758667,0.7841150760650635,-336765.425652653,-328598.18851581216,6061.862060546875,2105.3750762939453,-465.34166821132965,-68.06011438369751,-337298.827435248,336765.4375,0.011847347021102905,38.7357177734375,60.862213134765625,True,21.287802500039106,False,26732
mean_second,cgb,19,10,21.819349299999885,6,0.1849326491355896,1.2384872436523438,1.2515839338302612,0.8623313903808594,-337312.8851520182,-328669.67349735514,6522.11328125,2121.098373413086,-468.95225372505007,-67.67551982402802,-337849.5129255673,337312.90625,0.021097981778439134,14.525634765625,35.64030456542969,True,21.819349299999885,False,26732
mean_second,cgb,20,10,21.560063600016292,6,0.17550663650035858,1.2366124391555786,1.248583197593689,0.7944803237915039,-336490.38402606675,-328189.5959096117,6209.198486328125,2091.589630126953,-466.33158151690384,-66.96477741003036,-337023.68038499367,336490.40625,0.022223933250643313,21.541015625,30.148834228515625,True,21.560063600016292,False,26732
mean_second,cgb,21,10,21.240506900008768,6,0.17469029128551483,1.2388880252838135,1.250773549079895,0.7986886501312256,-336927.7742992401,-328540.1450878143,6279.6927490234375,2107.9364624023438,-465.4084823007672,-66.3879366517067,-337459.57071819255,336927.75,-0.024299240089021623,21.9278564453125,27.635467529296875,True,21.240506900008768,False,26732
mean_second,cgb,22,10,21.26579649996711,6,0.18238262832164764,1.2358756065368652,1.248260259628296,0.8138717412948608,-336910.06095350726,-328137.86173475726,6534.4371337890625,2237.7620849609375,-472.6448957370726,-71.82223892211914,-337454.52808816644,336910.0625,0.001546492741908878,66.3841552734375,81.1854248046875,True,21.26579649996711,False,26732
mean_second,cgb,23,10,21.873185299977195,6,0.17515401542186737,1.236209750175476,1.2483030557632446,0.7870708107948303,-336741.410383082,-328144.7071207529,6429.9549560546875,2166.748306274414,-466.2234827627645,-71.29254746437073,-337278.9264133091,336741.4375,0.02711691800504923,21.1268310546875,36.604461669921875,True,21.873185299977195,False,26732
mean_second,cgb,24,10,21.709950200049207,6,0.17416441440582275,1.237351894378662,1.2492414712905884,0.813850998878479,-336667.6145214803,-328295.02042052813,6277.18701171875,2095.4070892333984,-464.8818829222248,-69.71209332346916,-337202.20849772595,336667.59375,-0.020771480281837285,8.959228515625,15.978347778320312,True,21.709950200049207,False,26732
mean_second,cgb,25,10,21.69760439993115,6,0.1753247231245041,1.2382522821426392,1.2503496408462524,0.8044449090957642,-336705.3358410301,-328472.3515881004,6136.626953125,2096.3572998046875,-470.51122517358755,-64.20939350128174,-337240.056459705,336705.375,0.039158969884738326,32.114501953125,53.446441650390625,True,21.69760439993115,False,26732
mean_second,cgb,26,10,21.417459899937967,5,0.1696036010980606,1.2374740839004517,1.2490482330322266,0.9305718541145325,-336145.53886351746,-328264.070510246,5906.499755859375,1974.9685974121094,-463.9347605414402,-61.34618505835533,-336670.81980911724,336145.53125,-0.007613517460413277,19.16943359375,26.616668701171875,False,21.417459899937967,False,0
mean_second,cgb,27,10,22.045627900020918,6,0.17959186434745789,1.2349961996078491,1.247389793395996,0.837253987789154,-336498.1172350346,-327998.346299976,6326.839111328125,2172.9318237304688,-473.1694131734323,-66.90454459190369,-337038.19119279995,336498.125,0.007764965412206948,93.136962890625,85.59701538085938,True,22.045627900020918,False,26732
mean_second,cgb,28,10,21.692501900019124,6,0.19925519824028015,1.231357455253601,1.2468481063842773,1.0656522512435913,-337541.52574686427,-327911.47513346095,7423.4705810546875,2206.580032348633,-583.8500999419526,-73.10076999664307,-338198.47661680286,337541.53125,0.005503135733306408,51.4696044921875,73.14372253417969,True,21.692501900019124,False,26732
mean_second,cgb,29,10,21.74060809999355,6,0.17501573264598846,1.2374513149261475,1.2495180368423462,0.805680513381958,-336548.7555231949,-328339.2861018082,6111.2501220703125,2098.2192993164062,-469.60691731466255,-67.06794929504395,-337085.4303898046,336548.78125,0.02572680509183556,47.1041259765625,57.705474853515625,True,21.74060809999355,False,26732
mean_second,cgb,30,10,18.708917499956442,5,0.17376431822776794,1.2392537593841553,1.2509926557540894,0.9212654232978821,-336857.2688744578,-328575.17240839335,6234.6605224609375,2047.4359436035156,-462.67552991405086,-71.00418812036514,-337390.9485924922,336857.28125,0.012375542195513844,14.2650146484375,23.726348876953125,True,18.708917499956442,False,22122
mean_second,cold,1,30,17.166945700038923,4,0.08823145925998688,1.2477362155914307,1.251159906387329,0.015725070610642433,-332434.7657462242,-328601.92611609725,1835.9806823730469,1996.8589477539062,-713.4306745200878,-58.52704620361328,-333206.7234669479,332434.78125,0.015503775794059038,177.48019409179688,393.49542236328125,True,17.166945700038923,True,71028
mean_second,cold,2,30,19.002058900048723,4,0.08494172990322113,1.246021032333374,1.248537302017212,0.0032456491608172655,-331909.0264388331,-328182.2499190577,1693.5789184570312,2033.1976013183594,-717.1881191380957,-64.16107654571533,-332690.3756345169,331909.03125,0.004811166902072728,96.8922119140625,419.789794921875,True,19.002058900048723,False,71028
mean_second,cold,3,30,19.766632499959087,4,0.08461052924394608,1.2439409494400024,1.247114658355713,0.01133356150239706,-331706.4946637332,-327954.2305646121,1787.223388671875,1965.0407104492188,-722.5846049266904,-63.30671787261963,-332492.3859865325,331706.46875,-0.025913733174093068,149.35797119140625,386.64752197265625,True,19.766632499959087,False,71028
mean_second,cold,4,30,22.04748470004415,4,0.08325165510177612,1.2472641468048096,1.2503925561904907,0.009831968694925308,-332344.7780848938,-328479.21428789676,1801.854232788086,2063.7095642089844,-711.0353037686903,-61.795565605163574,-333117.6089542677,332344.78125,0.003165106172673404,160.5297088623047,420.66790771484375,True,22.04748470004415,False,71028
mean_second,cold,5,30,18.88339389997418,4,0.08172495663166046,1.2516775131225586,1.2544950246810913,0.00990560557693243,-332876.6347490279,-329134.33824023884,1747.043701171875,1995.2528076171875,-718.1155768917986,-56.075143814086914,-333650.8254697338,332876.625,-0.009749027900397778,104.863037109375,404.303955078125,True,18.88339389997418,False,71028
mean_second,cold,6,30,19.520583699952113,4,0.08666949719190598,1.2476292848587036,1.2505953311920166,0.008691190741956234,-332342.53437786666,-328511.6527555522,1750.8846435546875,2079.9969787597656,-714.3861106017057,-68.886643409729,-333125.8071318781,332342.5,-0.034377866657450795,130.2210693359375,435.2666931152344,True,19.520583699952113,False,71028
mean_second,cold,7,30,19.28364929999225,4,0.08116865158081055,1.2449471950531006,1.2480617761611938,0.009961734525859356,-331893.2402423829,-328106.05271186534,1779.5639038085938,2007.6236267089844,-714.6240809386784,-59.3681697845459,-332667.23249310616,331893.25,0.00975761708104983,167.10382080078125,400.12677001953125,True,19.28364929999225,False,71028
mean_second,cold,8,30,18.954201099986676,4,0.07982910424470901,1.2474255561828613,1.2503994703292847,0.014534681104123592,-332198.06850453047,-328480.3135912004,1751.4018249511719,1966.3530883789062,-720.701676102654,-60.56701183319092,-332979.3371924663,332198.0625,-0.006004530470818281,129.30215454101562,392.52960205078125,True,18.954201099986676,False,71028
mean_second,cold,9,30,19.342138200096088,4,0.08477286249399185,1.2470043897628784,1.2499433755874634,0.009486584924161434,-332173.18597455864,-328407.35070844536,1751.0458374023438,2014.7894287109375,-713.3002855975715,-62.135976791381836,-332948.6222369476,332173.15625,-0.029724558640737087,131.98150634765625,407.47027587890625,True,19.342138200096088,False,71028
mean_second,cold,10,30,19.27667019996443,4,0.08783913403749466,1.2468458414077759,1.2497100830078125,0.006849067751318216,-332119.44291970175,-328370.0257444088,1740.13037109375,2009.2868041992188,-713.018327243952,-62.16836166381836,-332894.62960860954,332119.40625,-0.03666970174526796,103.94973754882812,416.7960205078125,True,19.27667019996443,False,71028
mean_second,cold,11,30,18.913126799918246,4,0.08423347771167755,1.241890788078308,1.2446255683898926,0.007638710085302591,-331250.55062222155,-327554.6469356981,1710.3599548339844,1985.5437316894531,-725.5751790661942,-62.432082176208496,-332038.557883464,331250.5625,0.011877778451889753,113.31332397460938,395.18212890625,True,18.913126799918246,False,71028
mean_second,cold,12,30,18.929098400083603,4,0.08569081872701645,1.2485204935073853,1.2512379884719849,0.008620287291705608,-332358.87820608204,-328614.40262014454,1728.6848754882812,2015.7907104492188,-713.5129981313792,-56.79870128631592,-333129.18990549975,332358.875,-0.0032060820376500487,116.7586669921875,402.1693420410156,True,18.929098400083603,False,71028
mean_second,cold,13,30,19.348111100058304,4,0.09223775565624237,1.2476240396499634,1.2511931657791138,0.030217187479138374,-332492.1203096907,-328607.24341760087,1811.2001342773438,2073.6767578125,-873.9651174459956,-72.99795341491699,-333439.0833805516,332492.09375,-0.0265596907120198,104.7003173828125,444.9963073730469,True,19.348111100058304,False,71028
mean_second,cold,14,30,18.93584510005894,4,0.0974053293466568,1.2393943071365356,1.243827223777771,0.058601826429367065,-331258.1656398376,-327426.328878363,1821.0239562988281,2010.8128051757812,-826.6061879245287,-71.08840560913086,-332155.86023337126,331258.1875,0.021860162378288805,129.86618041992188,409.64434814453125,True,18.93584510005894,False,71028
mean_second,cold,15,30,19.112519699992845,4,0.08201000094413757,1.244125247001648,1.2474795579910278,0.016901958733797073,-331834.7806644334,-328012.7305850877,1811.3591918945312,2010.6908874511719,-716.3014786364012,-62.7246732711792,-332613.80681634095,331834.8125,0.031835566624067724,173.45672607421875,415.349853515625,True,19.112519699992845,False,71028
mean_second,cold,16,30,18.473621099896263,4,0.08144679665565491,1.2472667694091797,1.2502719163894653,0.009874993935227394,-332219.1558961092,-328459.91557018145,1752.200439453125,2007.0398864746094,-725.0854141016356,-64.23992156982422,-333008.48123178066,332219.1875,0.03160389082040638,161.7423095703125,402.92205810546875,True,18.473621099896263,False,71028
mean_second,cold,17,30,18.621859600039897,4,0.08236774057149887,1.2480825185775757,1.250908374786377,0.010081106796860695,-332299.9673675546,-328561.7081817636,1735.4725341796875,2002.7866516113281,-718.4490306173225,-66.11896896362305,-333084.53536713554,332299.96875,0.001382445392664522,118.40093994140625,387.0664978027344,True,18.621859600039897,False,71028
mean_second,cold,18,30,18.76316679996671,4,0.08600235730409622,1.2490453720092773,1.251870036125183,0.011061567813158035,-332397.1509071107,-328715.3869910951,1704.1419982910156,1977.6219177246094,-708.241328786499,-60.88715171813965,-333166.27938761533,332397.125,-0.02590711071388796,123.55764770507812,390.66900634765625,True,18.76316679996671,False,71028
mean_second,cold,19,30,19.15082880007685,4,0.08371983468532562,1.247824788093567,1.2508831024169922,0.01093345507979393,-332349.5305944651,-328557.6874242991,1765.2134704589844,2026.6296997070312,-716.2978387741928,-62.737486839294434,-333128.5659200786,332349.5,-0.030594465089961886,160.55917358398438,409.61199951171875,True,19.15082880007685,False,71028
mean_second,cold,20,30,19.59579739999026,4,0.0846729651093483,1.2453733682632446,1.2485475540161133,0.012847508303821087,-331971.10630782397,-328183.8929594353,1793.2853088378906,1993.9280395507812,-713.8638112001651,-61.213111877441406,-332746.1832309016,331971.09375,-0.012557823967654258,136.70700073242188,380.9482421875,True,19.59579739999026,False,71028
mean_second,cold,21,30,19.165729799919063,4,0.08389458805322647,1.2479069232940674,1.2507606744766235,0.010505001991987228,-332320.9587882162,-328538.0937979818,1745.5374755859375,2037.3275146484375,-722.4202950038957,-61.96973133087158,-333105.34881455096,332320.9375,-0.02128821617225185,140.8902587890625,406.28692626953125,True,19.165729799919063,False,71028
mean_second,cold,22,30,19.01490539999213,4,0.0831867977976799,1.2465629577636719,1.249670147895813,0.012162509374320507,-332221.9028621166,-328363.6296382396,1787.025146484375,2071.248077392578,-716.566806832348,-65.41301727294922,-333003.88268622186,332221.9375,0.03463788342196494,154.75323486328125,408.918212890625,True,19.01490539999213,False,71028
mean_second,cold,23,30,19.0048282998614,4,0.08375835418701172,1.2451415061950684,1.2484130859375,0.011795529164373875,-332027.69824649615,-328162.3607220821,1818.4237060546875,2046.913818359375,-708.5870695540805,-65.46672058105469,-332801.7520366313,332027.71875,0.020503503852523863,212.90802001953125,414.34686279296875,True,19.0048282998614,False,71028
mean_second,cold,24,30,19.19941680005286,4,0.08278345316648483,1.2462605237960815,1.249169945716858,0.014029549434781075,-332084.9201259132,-328283.55776019057,1762.8176879882812,2038.544677734375,-707.026703576106,-64.63064384460449,-332856.5774733339,332084.9375,0.017374086775816977,115.5694580078125,402.68853759765625,True,19.19941680005286,False,71028
mean_second,cold,25,30,19.25503260002006,4,0.07960737496614456,1.248294472694397,1.251139760017395,0.01131122000515461,-332300.80632216774,-328598.69261367165,1736.5584106445312,1965.5552978515625,-717.6833065967581,-59.40645503997803,-333077.8960838045,332300.8125,0.0061778322560712695,153.61407470703125,392.77423095703125,True,19.25503260002006,False,71028
mean_second,cold,26,30,19.337588700058404,4,0.08313404768705368,1.2455209493637085,1.248412013053894,0.011362999677658081,-331874.9677190888,-328162.1687383759,1746.933349609375,1965.8656311035156,-710.1559188462938,-64.1842679977417,-332649.30790593283,331875.0,0.03228091122582555,127.08050537109375,389.7591247558594,True,19.337588700058404,False,71028
mean_second,cold,27,30,19.55153040008736,4,0.08221634477376938,1.2457963228225708,1.2489838600158691,0.012393709272146225,-332045.9184287061,-328253.7648947706,1795.084228515625,1997.0693054199219,-705.9022224227228,-62.643221855163574,-332814.463872984,332045.90625,-0.012178706121630967,172.09320068359375,370.5627746582031,True,19.55153040008736,False,71028
mean_second,cold,28,30,19.32084460000624,4,0.08210285753011703,1.244841456413269,1.2474806308746338,0.008552853018045425,-331708.45973434474,-328012.9097160342,1713.3465576171875,1982.2034606933594,-723.0459789549247,-57.426907539367676,-332488.93262083904,331708.46875,0.009015655261464417,114.478759765625,415.61883544921875,True,19.32084460000624,False,71028
mean_second,cold,29,30,19.177673000114737,4,0.08514036238193512,1.247398018836975,1.2500473260879517,0.005858137737959623,-332109.9210172116,-328423.97802404757,1704.8876342773438,1981.0553588867188,-722.7145214539823,-63.36923789978027,-332896.0047765654,332109.90625,-0.014767211629077792,109.5841064453125,389.30224609375,True,19.177673000114737,False,71028
mean_second,cold,30,30,19.573651800019434,4,0.08579473942518234,1.247071385383606,1.250261664390564,0.010367436334490776,-332286.7913937784,-328458.27067234286,1800.063232421875,2028.4574890136719,-719.7458952009395,-63.81547737121582,-333070.35276635055,332286.78125,-0.010143778403289616,138.9810791015625,410.0181884765625,True,19.573651800019434,False,71028
mean_second,warm,1,20,29.49168359997566,4,0.08191315084695816,1.2499881982803345,1.2523837089538574,0.00017950021720025688,-332325.12122432655,-328797.4444054789,1537.4328002929688,1990.2440185546875,-460.8602986308328,-59.873491287231445,-332845.8550142446,332325.125,0.0037756734527647495,49.780029296875,393.037841796875,True,29.49168359997566,True,17844
mean_second,warm,2,20,35.83108910010196,4,0.07732298970222473,1.2468271255493164,1.2491703033447266,1.8124266716768034e-05,-331826.7863759517,-328283.6311025142,1529.89990234375,2013.25537109375,-463.6001391939433,-63.19722366333008,-332353.583738809,331826.78125,-0.005125951720401645,49.7734375,419.13970947265625,True,35.83108910010196,False,17844
mean_second,warm,3,20,38.375278999999864,4,0.07935246080160141,1.2456927299499512,1.2481048107147217,0.000134944828459993,-331600.22125005396,-328112.96874761255,1523.1253662109375,1964.1271362304688,-462.5857355399608,-63.68930721282959,-332126.49629280675,331600.21875,-0.0025000539608299732,50.54962158203125,386.25732421875,True,38.375278999999864,False,17844
mean_second,warm,4,20,38.69893029995728,4,0.07859820872545242,1.2489941120147705,1.251365065574646,4.45974656031467e-05,-332225.84279287385,-328634.7217906766,1530.7827758789062,2060.3382263183594,-463.5245480894553,-64.18998146057129,-332753.5573224239,332225.84375,0.0009571261471137404,50.831787109375,417.2095642089844,True,38.69893029995728,False,17844
mean_second,warm,5,20,35.96745260004536,4,0.07366878539323807,1.2530690431594849,1.2554514408111572,0.0001348887599306181,-332801.42964034877,-329286.73200851283,1527.6719665527344,1987.0256652832031,-461.50666539618743,-58.28626823425293,-333321.22257397923,332801.4375,0.007859651232138276,50.02410888671875,403.3555603027344,True,35.96745260004536,False,17844
mean_second,warm,6,20,38.317863599950215,4,0.08069057017564774,1.2487597465515137,1.2512215375900269,9.437536937184632e-05,-332220.5929675943,-328611.7607227212,1535.1311645507812,2073.7010803222656,-461.5407256997332,-70.05628681182861,-332752.18998010585,332220.59375,0.0007824057247489691,49.79345703125,433.2793884277344,True,38.317863599950215,False,17844
mean_second,warm,7,20,38.31140609993599,4,0.07789791375398636,1.246464490890503,1.2487916946411133,5.714747749152593e-05,-331754.8081654589,-328222.9937428515,1528.4276428222656,2003.3867797851562,-462.11377333853864,-58.54190731048584,-332275.46384610794,331754.8125,0.0043345410958863795,49.8284912109375,399.57647705078125,True,38.31140609993599,False,17844
mean_second,warm,8,20,37.76935029999004,4,0.07361508160829544,1.2487839460372925,1.251207709312439,0.00021791709878016263,-332098.36104029295,-328609.5525380957,1524.4167785644531,1964.3917236328125,-462.7656712985696,-60.4400053024292,-332621.5667168939,332098.34375,-0.01729029294801876,50.39599609375,392.02410888671875,True,37.76935029999004,False,17844
mean_second,warm,9,20,37.86169880005764,4,0.07683508098125458,1.2484337091445923,1.2508504390716553,0.00014186999760568142,-332078.44877653616,-328552.4494174053,1526.1548461914062,1999.8445129394531,-462.3470664001569,-61.36619758605957,-332602.1620405224,332078.4375,-0.011276536155492067,49.76123046875,404.65655517578125,True,37.86169880005764,False,17844
mean_second,warm,10,20,37.926491099991836,4,0.08053281158208847,1.248153567314148,1.2506015300750732,0.00012868795602116734,-332068.9558122985,-328512.62793143914,1554.0336303710938,2002.2942504882812,-461.6619418140756,-62.740196228027344,-332593.3579503406,332068.9375,-0.01831229851813987,49.7440185546875,416.0421447753906,True,37.926491099991836,False,17844
mean_second,warm,11,20,36.729708499944536,4,0.08110905438661575,1.2427661418914795,1.2451910972595215,0.00018933620594907552,-331164.5168327419,-327645.5172905056,1537.8949279785156,1981.1046142578125,-461.31198222991156,-62.05366897583008,-331687.8824839477,331164.5,-0.016832741908729076,49.84619140625,394.8856201171875,True,36.729708499944536,False,17844
mean_second,warm,12,20,36.159192799881566,4,0.08031082153320312,1.2494940757751465,1.2518094778060913,2.275015322084073e-05,-332236.35748082417,-328705.7220132949,1526.1187438964844,2004.5167236328125,-463.71526061315274,-58.11695671081543,-332758.1896981481,332236.34375,-0.013730824168305844,49.82427978515625,396.04302978515625,True,36.159192799881566,False,17844
mean_second,warm,13,20,37.496270799892955,4,0.08472397923469543,1.2488079071044922,1.2518366575241089,0.0014778486220166087,-332369.6068716322,-328710.0567770277,1602.485366821289,2057.064727783203,-600.0562520814593,-79.09008026123047,-333048.7532039749,332369.625,0.018128367781173438,49.7972412109375,437.2215881347656,True,37.496270799892955,False,17844
mean_second,warm,14,20,37.705761600023834,4,0.08606069535017014,1.2416876554489136,1.2447681427001953,0.0019792108796536922,-331203.3769994817,-327577.57082424976,1607.1121139526367,2018.6940612792969,-597.4336625676165,-76.0619125366211,-331876.87257458596,331203.375,-0.0019994816975668073,50.72314453125,409.9214782714844,True,37.705761600023834,False,17844
mean_second,warm,15,20,37.45342470007017,4,0.0780566930770874,1.246248483657837,1.2486693859100342,0.00010419962200103328,-331735.6650825941,-328203.4120003187,1523.2818908691406,2008.97119140625,-462.8603643139653,-63.95790958404541,-332262.4833564921,331735.6875,0.022417405911255628,49.7650146484375,414.8837890625,True,37.45342470007017,False,17844
mean_second,warm,16,20,37.86544790005428,4,0.07801362127065659,1.2485090494155884,1.2509431838989258,9.303232218371704e-05,-332100.58202013036,-328567.2609141733,1527.9098510742188,2005.4112548828125,-463.00415735521557,-66.55311965942383,-332630.139297145,332100.5625,-0.019520130357705057,49.742431640625,402.38018798828125,True,37.86544790005428,False,17844
mean_second,warm,17,20,37.85592940001516,4,0.0772753581404686,1.2492178678512573,1.2516123056411743,0.0001465763198211789,-332207.6707468354,-328674.2194528901,1538.232421875,1995.2188720703125,-459.3860108074411,-67.47160625457764,-332734.5283638974,332207.65625,-0.01449683541432023,49.7691650390625,386.1107482910156,True,37.85592940001516,False,17844
mean_second,warm,18,20,39.28854189993581,4,0.08012334257364273,1.2498964071273804,1.2523260116577148,0.00019942615472245961,-332285.3870615673,-328788.23841044423,1529.7486877441406,1967.3999633789062,-459.7895623878116,-62.013577461242676,-332807.1902014163,332285.40625,0.019188432721421123,49.710205078125,389.5765380859375,True,39.28854189993581,False,17844
mean_second,warm,19,20,38.905052199959755,4,0.07964956015348434,1.2491636276245117,1.2516145706176758,0.000131650100229308,-332231.0839926028,-328674.57141936064,1532.6686706542969,2023.8439025878906,-461.82966967766623,-62.60228252410889,-332755.5159448046,332231.0625,-0.0214926028274931,50.250244140625,408.9710693359375,True,38.905052199959755,False,17844
mean_second,warm,20,20,38.12067920007394,4,0.07868079096078873,1.24709951877594,1.2494573593139648,7.673884101677686e-05,-331846.4412882051,-328329.56720373244,1529.9048461914062,1986.96923828125,-461.02244324692845,-62.40108871459961,-332369.8648201666,331846.4375,-0.0037882050964981318,49.7869873046875,380.7579345703125,True,38.12067920007394,False,17844
mean_second,warm,21,20,38.33395949995611,4,0.08051599562168121,1.2490785121917725,1.2514346837997437,5.607979983324185e-05,-332206.797542228,-328645.8316303628,1525.6173400878906,2035.3485717773438,-460.87986298920293,-62.71834754943848,-332730.39575276664,332206.78125,-0.016292228014208376,49.8438720703125,405.74859619140625,True,38.33395949995611,False,17844
mean_second,warm,22,20,38.67640719996416,4,0.07805570214986801,1.2481976747512817,1.2506072521209717,7.761959568597376e-05,-332112.74807779514,-328513.56338541233,1530.5497436523438,2068.6349487304688,-461.98784007220326,-67.4838399887085,-332642.21975785604,332112.75,0.0019222048576921225,50.47509765625,406.79779052734375,True,38.67640719996416,False,17844
mean_second,warm,23,20,39.03810480001266,4,0.07703971117734909,1.2469743490219116,1.2494220733642578,0.00010886217205552384,-331900.2034913441,-328323.9377137562,1529.0950012207031,2047.1707763671875,-462.1569797343517,-66.69256687164307,-332429.0530379501,331900.21875,0.01525865588337183,50.0966796875,413.6129150390625,True,39.03810480001266,False,17844
mean_second,warm,24,20,38.48609930003295,4,0.07741130888462067,1.247604489326477,1.2499597072601318,8.718529716134071e-05,-331973.9004318923,-328409.9757797927,1533.5929870605469,2030.3316650390625,-462.95814810687455,-66.22714328765869,-332503.08572328684,331973.875,-0.025431892310734838,49.7625732421875,402.33062744140625,True,38.48609930003295,False,17844
mean_second,warm,25,20,38.7234569999564,4,0.07623303681612015,1.249285340309143,1.2516800165176392,0.0001726049231365323,-332174.81603065645,-328685.0356961838,1526.9918212890625,1962.7885131835938,-462.37562920020224,-59.5341682434082,-332696.72582810005,332174.84375,0.027719343546777964,50.197509765625,392.192626953125,True,38.7234569999564,False,17844
mean_second,warm,26,20,37.941455999942264,4,0.07828088849782944,1.246703863143921,1.249161720275879,0.0001647799217607826,-331805.7136693212,-328282.2502293798,1564.5428466796875,1958.9205932617188,-451.54623225434227,-64.9757432937622,-332322.23564486933,331805.71875,0.005080678791273385,49.80303955078125,388.36590576171875,True,37.941455999942264,False,17844
mean_second,warm,27,20,38.70972059995984,4,0.07835628092288971,1.247316598892212,1.2497434616088867,0.00021570564422290772,-331908.93024934316,-328375.3751956322,1539.118408203125,1994.4366455078125,-459.2667918322537,-63.17237186431885,-332431.3694130397,331908.9375,0.0072506568394601345,49.775634765625,370.6383972167969,True,38.70972059995984,False,17844
mean_second,warm,28,20,39.41330790007487,4,0.08743233233690262,1.244907259941101,1.2476859092712402,0.0008650693343952298,-331673.88145939494,-328045.82170597697,1595.7228393554688,2032.3369140625,-606.3162399019067,-65.08314609527588,-332345.28084539215,331673.90625,0.024790605064481497,49.773681640625,431.05938720703125,True,39.41330790007487,False,17844
mean_second,warm,29,20,37.34170539994375,4,0.07763651758432388,1.2483559846878052,1.250717043876648,7.334411202464253e-05,-332025.7401102318,-328531.1096781029,1524.1601867675781,1970.4702453613281,-464.4614231814631,-63.983948707580566,-332554.18548212084,332025.75,0.00988976820372045,49.783447265625,389.1026306152344,True,37.34170539994375,False,17844
mean_second,warm,30,20,33.21571779996157,4,0.07650204747915268,1.2490425109863281,1.2514454126358032,7.1207650762517e-05,-332184.6574387591,-328647.553495888,1522.1332397460938,2014.970703125,-463.18788556741276,-66.05362796783447,-332713.8989522944,332184.65625,-0.0011887591099366546,50.349609375,408.105712890625,True,33.21571779996157,False,17844
