method,stage,seed,rmse,rank,observation_rmse,noise_sd,initial_rmse,after_setup_rmse,fit_seconds,uncontended_timing
current,cgb,1,0.17045794427394867,6,1.2404189109802246,1.2514268159866333,0.2683359682559967,0.2232201248407364,40.230751300026895,True
current,cgb,2,0.14812789857387543,6,1.2398821115493774,1.2493001222610474,0.26214534044265747,0.20727775990962982,60.257536699966295,False
current,cgb,3,0.16511568427085876,6,1.236443281173706,1.2472865581512451,0.2645868957042694,0.20758523046970367,52.2935527000227,False
current,cgb,4,0.16652990877628326,6,1.239726185798645,1.2508975267410278,0.26429933309555054,0.21344856917858124,53.141556800022954,False
current,cgb,5,0.1629094034433365,6,1.2441343069076538,1.255153775215149,0.2651256024837494,0.20321030914783478,56.92710949992761,False
current,cgb,6,0.165154829621315,6,1.2400593757629395,1.2512710094451904,0.26342204213142395,0.19592450559139252,68.15058669997961,False
current,cgb,7,0.16329734027385712,6,1.23758065700531,1.2486096620559692,0.2626330554485321,0.2127051055431366,56.75239969996619,False
current,cgb,8,0.16271351277828217,6,1.2397279739379883,1.2506226301193237,0.26430651545524597,0.19922441244125366,58.75643100007437,False
current,cgb,9,0.16756796836853027,6,1.238114356994629,1.2495044469833374,0.2639633119106293,0.2047244906425476,63.504047899943544,False
current,cgb,10,0.17405563592910767,6,1.2403873205184937,1.2512316703796387,0.264779269695282,0.20767344534397125,62.90289210001356,False
current,cgb,11,0.1614784449338913,6,1.2344911098480225,1.2455205917358398,0.26008543372154236,0.21400532126426697,56.207719100028044,False
current,cgb,12,0.16275545954704285,6,1.2409043312072754,1.251902461051941,0.26267358660697937,0.20278888940811157,56.917166100029135,False
current,cgb,13,0.18076157569885254,6,1.2386696338653564,1.252090334892273,0.26279523968696594,0.21558190882205963,54.63452389999293,False
current,cgb,14,0.18625514209270477,6,1.2307510375976562,1.244691014289856,0.2629595696926117,0.21781477332115173,78.65120190000744,False
current,cgb,15,0.16515257954597473,6,1.236891746520996,1.2479329109191895,0.2645880877971649,0.21400071680545807,63.25732609996339,False
current,cgb,16,0.1634131819009781,6,1.2398494482040405,1.2509815692901611,0.263805627822876,0.2176753729581833,75.1687381999509,False
current,cgb,17,0.16388265788555145,6,1.240265130996704,1.2513912916183472,0.26444387435913086,0.21889665722846985,71.55255920006311,False
current,cgb,18,0.16400769352912903,6,1.2412779331207275,1.2522886991500854,0.2635715901851654,0.21104080975055695,55.91323199996259,False
current,cgb,19,0.18344295024871826,6,1.2395352125167847,1.2525062561035156,0.2646348476409912,0.21909451484680176,58.72390949999681,False
current,cgb,20,0.1645294427871704,6,1.2381986379623413,1.2492495775222778,0.26416584849357605,0.20580652356147766,76.78639680004562,False
current,cgb,21,0.16183152794837952,6,1.2402247190475464,1.2512377500534058,0.2635412812232971,0.19684618711471558,76.93515399997705,False
current,cgb,22,0.16760748624801636,6,1.238831639289856,1.2499940395355225,0.26542553305625916,0.21072793006896973,70.21456569997827,False
current,cgb,23,0.16405896842479706,6,1.2380820512771606,1.2492648363113403,0.26161327958106995,0.2128371298313141,87.95366070000455,False
current,cgb,24,0.16390061378479004,6,1.2386298179626465,1.2496336698532104,0.263873428106308,0.19932013750076294,90.08763039999758,False
current,cgb,25,0.15937401354312897,6,1.2406320571899414,1.2515227794647217,0.2610938847064972,0.2007308304309845,80.26970149995759,False
current,cgb,26,0.14831005036830902,6,1.2395459413528442,1.2487947940826416,0.26520776748657227,0.2086719572544098,52.785699600033695,False
current,cgb,27,0.1654844880104065,6,1.2369444370269775,1.24845552444458,0.26290369033813477,0.2022286057472229,78.44470650007133,False
current,cgb,28,0.18557322025299072,6,1.2343900203704834,1.2485791444778442,0.26042211055755615,0.21381743252277374,70.71543109999038,False
current,cgb,29,0.16132085025310516,6,1.2397115230560303,1.2506986856460571,0.26418885588645935,0.20964045822620392,59.141111600009026,False
current,cgb,30,0.16629211604595184,6,1.239761471748352,1.2509297132492065,0.26416149735450745,0.21308283507823944,78.62945349997608,False
current,cold,1,0.11182499676942825,6,1.2475383281707764,1.2518402338027954,0.2683359682559967,0.2312907725572586,191.5279475999996,True
current,cold,2,0.08021591603755951,6,1.2461004257202148,1.2487425804138184,0.26214534044265747,0.2129506915807724,306.462917600089,False
current,cold,3,0.08080551028251648,6,1.244680643081665,1.2475872039794922,0.2645868957042694,0.21740548312664032,297.7248258999898,False
current,cold,4,0.08091340959072113,6,1.2481110095977783,1.2508487701416016,0.26429933309555054,0.223723366856575,267.463984199916,False
current,cold,5,0.07609563320875168,6,1.2521181106567383,1.2548986673355103,0.2651256024837494,0.21698501706123352,303.4717212000105,False
current,cold,6,0.09866048395633698,6,1.245705246925354,1.2490719556808472,0.26342204213142395,0.21118924021720886,303.0316519998305,False
current,cold,7,0.5312169790267944,6,1.3483867645263672,1.3533216714859009,0.2626330554485321,0.2224573791027069,300.5768579998985,False
current,cold,8,0.08450104296207428,6,1.2466232776641846,1.249900460243225,0.26430651545524597,0.2137576937675476,286.28148189990316,False
current,cold,9,0.09729545563459396,6,1.2461060285568237,1.2499557733535767,0.2639633119106293,0.21579597890377045,322.7286738999246,False
current,cold,10,0.10260948538780212,6,1.2438267469406128,1.2477941513061523,0.264779269695282,0.2168823927640915,367.9408922000148,False
current,cold,11,0.08738122135400772,6,1.2413910627365112,1.2443259954452515,0.26008543372154236,0.22073450684547424,247.33046519992058,False
current,cold,12,0.08118173480033875,6,1.248730182647705,1.251448631286621,0.26267358660697937,0.21471889317035675,329.7963515999727,False
current,cold,13,0.5143753886222839,6,1.3425942659378052,1.348343849182129,0.26279523968696594,0.217753604054451,254.47293370007537,False
current,cold,14,0.09402371942996979,6,1.2401708364486694,1.243815302848816,0.2629595696926117,0.22088854014873505,283.71700609999243,False
current,cold,15,0.08342265337705612,6,1.2446508407592773,1.2476383447647095,0.2645880877971649,0.22451753914356232,308.39188789992477,False
current,cold,16,0.07964342087507248,6,1.2478357553482056,1.2505980730056763,0.263805627822876,0.22591161727905273,307.5794903000351,False
current,cold,17,0.08263019472360611,6,1.2474244832992554,1.2505823373794556,0.26444387435913086,0.22614187002182007,358.6793533000164,False
current,cold,18,0.09225320816040039,6,1.247711181640625,1.2508790493011475,0.2635715901851654,0.21953554451465607,277.5489616999985,False
current,cold,19,0.0865272581577301,6,1.2479263544082642,1.2510937452316284,0.2646348476409912,0.22715169191360474,381.1530330000096,False
current,cold,20,0.08651221543550491,6,1.2448608875274658,1.2482399940490723,0.26416584849357605,0.2170364409685135,340.75768019995303,False
current,cold,21,0.3747037947177887,6,1.2977811098098755,1.301961064338684,0.2635412812232971,0.21434137225151062,305.2693387999898,False
current,cold,22,0.08207205682992935,6,1.2471848726272583,1.2499816417694092,0.26542553305625916,0.22454704344272614,346.2450278000033,False
current,cold,23,0.08804995566606522,6,1.2455133199691772,1.2484157085418701,0.26161327958106995,0.22338414192199707,325.0813302999886,False
current,cold,24,0.0846833810210228,6,1.2455447912216187,1.248734712600708,0.263873428106308,0.21278099715709686,367.85406189991045,False
current,cold,25,0.07703918218612671,6,1.2490953207015991,1.2515809535980225,0.2610938847064972,0.2136768251657486,368.4976153000316,False
current,cold,26,0.08387637883424759,6,1.2451730966567993,1.2481895685195923,0.26520776748657227,0.2166910469532013,276.05370810005115,False
current,cold,27,0.08998575061559677,6,1.2452764511108398,1.2483614683151245,0.26290369033813477,0.21328113973140717,299.9843130999943,False
current,cold,28,0.7334180474281311,6,1.4415684938430786,1.444838523864746,0.26042211055755615,0.2216474562883377,399.54805929999566,False
current,cold,29,0.09612017124891281,6,1.2451413869857788,1.2485524415969849,0.26418885588645935,0.22155407071113586,347.66705900002853,False
current,cold,30,0.08388184756040573,6,1.2470734119415283,1.2502410411834717,0.26416149735450745,0.2239270806312561,305.1982082000177,False
current,warm,1,0.1400556117296219,6,1.2417091131210327,1.2503044605255127,0.17045794427394867,0.9650698900222778,68.12373089996981,True
current,warm,2,0.1298738718032837,6,1.2398285865783691,1.2481436729431152,0.14812789857387543,0.9269566535949707,108.2865324000013,False
current,warm,3,0.12693428993225098,6,1.2382432222366333,1.246134877204895,0.16511568427085876,0.9021410942077637,106.13657199993031,False
current,warm,4,0.13308748602867126,6,1.2412619590759277,1.2497265338897705,0.16652990877628326,0.9940510392189026,110.826584800001,False
current,warm,5,0.12974245846271515,6,1.2457033395767212,1.2540725469589233,0.1629094034433365,0.9480217695236206,118.93246839992935,False
current,warm,6,0.13180799782276154,6,1.2414416074752808,1.250011920928955,0.165154829621315,1.00387442111969,118.08648210004321,False
current,warm,7,0.12845703959465027,6,1.2392683029174805,1.2473801374435425,0.16329734027385712,0.9622012972831726,125.34429060001276,False
current,warm,8,0.12905538082122803,6,1.2414063215255737,1.2494385242462158,0.16271351277828217,0.9117600917816162,122.49763379996875,False
current,warm,9,0.13086259365081787,6,1.24086594581604,1.2492173910140991,0.16756796836853027,0.9417636394500732,144.00721120007802,False
current,warm,10,0.13077689707279205,6,1.2410062551498413,1.2491788864135742,0.17405563592910767,0.9244887232780457,122.63812459999463,False
current,warm,11,0.12643420696258545,6,1.2362264394760132,1.2441588640213013,0.1614784449338913,0.9287201166152954,113.2394233000523,False
current,warm,12,0.13413457572460175,6,1.2420340776443481,1.2506266832351685,0.16275545954704285,0.949632465839386,120.077371600084,False
current,warm,13,0.1282866895198822,6,1.2424782514572144,1.2506719827651978,0.18076157569885254,0.9537376165390015,115.18186939996667,False
current,warm,14,0.1279595047235489,6,1.2353689670562744,1.243420958518982,0.18625514209270477,0.9107871055603027,160.0273414000112,False
current,warm,15,0.1260634958744049,6,1.2389582395553589,1.2468452453613281,0.16515257954597473,0.9396044611930847,125.45433520001825,False
current,warm,16,0.12823691964149475,6,1.2414588928222656,1.2495917081832886,0.1634131819009781,0.955796480178833,147.9641299000359,False
current,warm,17,0.12475164234638214,6,1.242386817932129,1.2501342296600342,0.16388265788555145,0.9336758255958557,127.1064285999746,False
current,warm,18,0.12799446284770966,6,1.243121862411499,1.2510079145431519,0.16400769352912903,0.9131000638008118,134.99984950004728,False
current,warm,19,0.13445396721363068,6,1.2415763139724731,1.2501029968261719,0.18344295024871826,0.9774876236915588,151.9142000999709,False
current,warm,20,0.1300128549337387,6,1.23997962474823,1.2481058835983276,0.1645294427871704,0.9537858963012695,151.2895948999212,False
current,warm,21,0.13377374410629272,6,1.241371512413025,1.2500004768371582,0.16183152794837952,0.96295565366745,164.8374191999901,False
current,warm,22,0.13856951892375946,6,1.2402371168136597,1.248974084854126,0.16760748624801636,1.0135326385498047,156.21044500003336,False
current,warm,23,0.1336676925420761,6,1.2396520376205444,1.2480897903442383,0.16405896842479706,1.0033838748931885,178.65853450004943,False
current,warm,24,0.13290798664093018,6,1.2399605512619019,1.2485451698303223,0.16390061378479004,0.9573830962181091,171.7939985000121,False
current,warm,25,0.12497160583734512,6,1.2423112392425537,1.2502031326293945,0.15937401354312897,0.9170260429382324,175.6059768999694,False
current,warm,26,0.1266096830368042,6,1.2398825883865356,1.247840404510498,0.14831005036830902,0.868992030620575,94.43354680002085,False
current,warm,27,0.1319797933101654,6,1.238553762435913,1.2474242448806763,0.1654844880104065,0.947898805141449,151.11685440008296,False
current,warm,28,0.1262868195772171,6,1.2387011051177979,1.246756911277771,0.18557322025299072,0.9463676810264587,110.4837498999841,False
current,warm,29,0.12629294395446777,6,1.2416720390319824,1.2494221925735474,0.16132085025310516,0.916487991809845,109.58338350005215,False
current,warm,30,0.1289578378200531,6,1.2416828870773315,1.2498306035995483,0.16629211604595184,0.9618367552757263,178.4134429000551,False
plugin,cgb,1,0.18217507004737854,6,1.238573431968689,1.2506027221679688,0.2683359682559967,0.2683359682559967,14.793456099985633,True
plugin,cgb,2,0.16757330298423767,4,1.238197922706604,1.2497481107711792,0.26214534044265747,0.26214534044265747,15.951229199999943,False
plugin,cgb,3,0.174700066447258,6,1.2360773086547852,1.2476286888122559,0.2645868957042694,0.2645868957042694,23.496999599970877,False
plugin,cgb,4,0.1748550534248352,6,1.238622784614563,1.2505629062652588,0.26429933309555054,0.26429933309555054,18.94978850003099,False
plugin,cgb,5,0.16993148624897003,4,1.243874430656433,1.2555509805679321,0.2651256024837494,0.2651256024837494,17.396812499966472,False
plugin,cgb,6,0.1716107428073883,5,1.2392759323120117,1.2511342763900757,0.26342204213142395,0.26342204213142395,22.58330440003192,False
plugin,cgb,7,0.1700933575630188,5,1.237243413925171,1.2487878799438477,0.2626330554485321,0.2626330554485321,19.98997699993197,False
plugin,cgb,8,0.1708429902791977,4,1.2395105361938477,1.2509684562683105,0.26430651545524597,0.26430651545524597,25.818883399973856,False
plugin,cgb,9,0.17662128806114197,6,1.2376149892807007,1.2496296167373657,0.2639633119106293,0.2639633119106293,24.993066800001543,False
plugin,cgb,10,0.1763273924589157,5,1.2374075651168823,1.2494268417358398,0.264779269695282,0.264779269695282,19.798326900054235,False
plugin,cgb,11,0.1674446016550064,4,1.2343621253967285,1.2458646297454834,0.26008543372154236,0.26008543372154236,16.896368599904235,False
plugin,cgb,12,0.1694876104593277,4,1.2406890392303467,1.2522484064102173,0.26267358660697937,0.26267358660697937,22.30535179999424,False
plugin,cgb,13,0.19261866807937622,5,1.2375160455703735,1.2522492408752441,0.26279523968696594,0.26279523968696594,19.617297100048745,False
plugin,cgb,14,0.1941612958908081,6,1.229982614517212,1.2446951866149902,0.2629595696926117,0.2629595696926117,26.82339229993522,False
plugin,cgb,15,0.17530925571918488,6,1.2356956005096436,1.247566819190979,0.2645880877971649,0.2645880877971649,24.993147400033195,False
plugin,cgb,16,0.16964438557624817,4,1.2397969961166382,1.2513421773910522,0.263805627822876,0.263805627822876,21.846789500064915,False
plugin,cgb,17,0.17056500911712646,5,1.2399474382400513,1.2515393495559692,0.26444387435913086,0.26444387435913086,23.468320699990727,False
plugin,cgb,18,0.17312945425510406,6,1.2399306297302246,1.2518131732940674,0.2635715901851654,0.2635715901851654,30.46877500001574,False
plugin,cgb,19,0.18415550887584686,4,1.2395085096359253,1.252495527267456,0.2646348476409912,0.2646348476409912,20.51553490004153,False
plugin,cgb,20,0.17116855084896088,4,1.2380976676940918,1.2496421337127686,0.26416584849357605,0.26416584849357605,27.330183600017335,False
plugin,cgb,21,0.1699787676334381,4,1.2400157451629639,1.2516825199127197,0.2635412812232971,0.2635412812232971,28.875698799995007,False
plugin,cgb,22,0.17805354297161102,6,1.237196445465088,1.2492293119430542,0.26542553305625916,0.26542553305625916,30.172733099985635,False
plugin,cgb,23,0.16965654492378235,4,1.2380446195602417,1.2496061325073242,0.26161327958106995,0.26161327958106995,24.866588800010504,False
plugin,cgb,24,0.17206941545009613,6,1.2379167079925537,1.249674677848816,0.263873428106308,0.263873428106308,27.602102599979844,False
plugin,cgb,25,0.1715683490037918,6,1.2392998933792114,1.25114107131958,0.2610938847064972,0.2610938847064972,28.79313800003729,False
plugin,cgb,26,0.1686457395553589,4,1.2378249168395996,1.249294400215149,0.26520776748657227,0.26520776748657227,14.254874100035522,False
plugin,cgb,27,0.17546845972537994,6,1.2361420392990112,1.2482609748840332,0.26290369033813477,0.26290369033813477,25.70857679998153,False
plugin,cgb,28,0.1922735869884491,6,1.2337275743484497,1.2485761642456055,0.26042211055755615,0.26042211055755615,18.757396400003927,False
plugin,cgb,29,0.1701522320508957,5,1.238691806793213,1.250482439994812,0.26418885588645935,0.26418885588645935,31.0883905000519,False
plugin,cgb,30,0.17349430918693542,5,1.2392529249191284,1.2510048151016235,0.26416149735450745,0.26416149735450745,26.870508100022562,False
plugin,cold,1,0.08901218324899673,4,1.2480220794677734,1.2513362169265747,0.2683359682559967,0.2683359682559967,16.161346000095364,True
plugin,cold,2,0.08378633111715317,4,1.246177315711975,1.2486660480499268,0.26214534044265747,0.26214534044265747,17.28495249999105,False
plugin,cold,3,0.08404704928398132,4,1.2440366744995117,1.2471927404403687,0.2645868957042694,0.2645868957042694,23.893375200103037,False
plugin,cold,4,0.084096759557724,4,1.2469695806503296,1.250225305557251,0.26429933309555054,0.26429933309555054,16.632298100041226,False
plugin,cold,5,0.08076495677232742,4,1.2516183853149414,1.25456702709198,0.2651256024837494,0.2651256024837494,16.979042799852323,False
plugin,cold,6,0.08695350587368011,4,1.2476879358291626,1.2506177425384521,0.26342204213142395,0.26342204213142395,21.506164300022647,False
plugin,cold,7,0.08065677434206009,4,1.2450847625732422,1.2480835914611816,0.2626330554485321,0.2626330554485321,17.288749800034566,False
plugin,cold,8,0.08413736522197723,4,1.2470335960388184,1.2502124309539795,0.26430651545524597,0.26430651545524597,19.378021400043508,False
plugin,cold,9,0.08597192168235779,4,1.2467719316482544,1.2498606443405151,0.2639633119106293,0.2639633119106293,29.774182500201277,False
plugin,cold,10,0.08816665410995483,4,1.2468540668487549,1.2497515678405762,0.264779269695282,0.264779269695282,19.192655900027603,False
plugin,cold,11,0.0852319672703743,4,1.2418725490570068,1.2445769309997559,0.26008543372154236,0.26008543372154236,18.27650239993818,False
plugin,cold,12,0.08521535247564316,4,1.2488757371902466,1.2513914108276367,0.26267358660697937,0.26267358660697937,28.911985800019465,False
plugin,cold,13,0.09444619715213776,4,1.247634768486023,1.2512962818145752,0.26279523968696594,0.26279523968696594,19.18483590008691,False
plugin,cold,14,0.09743887931108475,4,1.239724040031433,1.2440215349197388,0.2629595696926117,0.2629595696926117,28.554775500088,False
plugin,cold,15,0.08130805939435959,4,1.2440634965896606,1.247484803199768,0.2645880877971649,0.2645880877971649,30.33407029992668,False
plugin,cold,16,0.08163395524024963,4,1.2471704483032227,1.2502306699752808,0.263805627822876,0.263805627822876,24.945620699989377,False
plugin,cold,17,0.08401074260473251,4,1.2478629350662231,1.2507745027542114,0.26444387435913086,0.26444387435913086,24.289513800060377,False
plugin,cold,18,0.08599703758955002,4,1.249010443687439,1.251847743988037,0.2635715901851654,0.2635715901851654,36.83353050003643,False
plugin,cold,19,0.08315829932689667,4,1.2476955652236938,1.2508546113967896,0.2646348476409912,0.2646348476409912,23.976732099923538,False
plugin,cold,20,0.08476594090461731,4,1.2456303834915161,1.2486693859100342,0.26416584849357605,0.26416584849357605,30.494460399873788,False
plugin,cold,21,0.0846535935997963,4,1.247571349143982,1.2506049871444702,0.2635412812232971,0.2635412812232971,38.47739869993529,False
plugin,cold,22,0.08353171497583389,4,1.2462040185928345,1.2495310306549072,0.26542553305625916,0.26542553305625916,28.050087999959942,False
plugin,cold,23,0.08288505673408508,4,1.2451629638671875,1.2484530210494995,0.26161327958106995,0.26161327958106995,28.130762499931734,False
plugin,cold,24,0.08238759636878967,4,1.246437907218933,1.2492531538009644,0.263873428106308,0.263873428106308,32.554171200084966,False
plugin,cold,25,0.07903953641653061,4,1.2482433319091797,1.2511236667633057,0.2610938847064972,0.2610938847064972,31.15018039997085,False
plugin,cold,26,0.08458516001701355,4,1.2455947399139404,1.2484157085418701,0.26520776748657227,0.26520776748657227,14.52549760005786,False
plugin,cold,27,0.08293722569942474,4,1.2458339929580688,1.2489864826202393,0.26290369033813477,0.26290369033813477,28.38346880004974,False
plugin,cold,28,0.08186779916286469,4,1.2450200319290161,1.2475910186767578,0.26042211055755615,0.26042211055755615,17.32779850010411,False
plugin,cold,29,0.08430943638086319,4,1.2473728656768799,1.2500609159469604,0.26418885588645935,0.26418885588645935,40.18563810008345,False
plugin,cold,30,0.0847126692533493,4,1.2470474243164062,1.2503011226654053,0.26416149735450745,0.26416149735450745,33.662951299978886,False
plugin,warm,1,0.08188678324222565,4,1.2499889135360718,1.2523841857910156,0.18217507004737854,0.18217507004737854,26.458131099963794,True
plugin,warm,2,0.07732441276311874,4,1.2468271255493164,1.2491706609725952,0.16757330298423767,0.16757330298423767,31.45233780000126,False
plugin,warm,3,0.0793444961309433,4,1.2456912994384766,1.2481050491333008,0.174700066447258,0.174700066447258,42.49380570003996,False
plugin,warm,4,0.07855623960494995,4,1.2490143775939941,1.2513749599456787,0.1748550534248352,0.1748550534248352,32.8524991000304,False
plugin,warm,5,0.0749066174030304,4,1.253022313117981,1.2554105520248413,0.16993148624897003,0.16993148624897003,33.919141099991975,False
plugin,warm,6,0.08075534552335739,4,1.2487664222717285,1.2512242794036865,0.1716107428073883,0.1716107428073883,42.49176399997668,False
plugin,warm,7,0.07787667959928513,4,1.2464524507522583,1.2487871646881104,0.1700933575630188,0.1700933575630188,35.65863609997905,False
plugin,warm,8,0.0736677423119545,4,1.2487797737121582,1.2512056827545166,0.1708429902791977,0.1708429902791977,34.8900452000089,False
plugin,warm,9,0.07685985416173935,4,1.2484335899353027,1.2508500814437866,0.17662128806114197,0.17662128806114197,44.278250800125534,False
plugin,warm,10,0.0804528072476387,4,1.2481703758239746,1.2506113052368164,0.1763273924589157,0.1763273924589157,41.30056570004672,False
plugin,warm,11,0.08112558722496033,4,1.2427639961242676,1.245192050933838,0.1674446016550064,0.1674446016550064,44.849176299903775,False
plugin,warm,12,0.08031302690505981,4,1.2494932413101196,1.2518095970153809,0.1694876104593277,0.1694876104593277,45.244957699935185,False
plugin,warm,13,0.08470949530601501,4,1.2488116025924683,1.2518385648727417,0.19261866807937622,0.19261866807937622,34.03266920000897,False
plugin,warm,14,0.08497705310583115,4,1.2416940927505493,1.2447770833969116,0.1941612958908081,0.1941612958908081,46.52916030000779,False
plugin,warm,15,0.07640773802995682,4,1.2461782693862915,1.2485917806625366,0.17530925571918488,0.17530925571918488,48.22357339996961,False
plugin,warm,16,0.07802007347345352,4,1.2484930753707886,1.2509346008300781,0.16964438557624817,0.16964438557624817,39.720358899998246,False
plugin,warm,17,0.07831582427024841,4,1.2492048740386963,1.2515957355499268,0.17056500911712646,0.17056500911712646,40.705035499995574,False
plugin,warm,18,0.08010630309581757,4,1.2498753070831299,1.252314567565918,0.17312945425510406,0.17312945425510406,57.97618630004581,False
plugin,warm,19,0.0896172970533371,4,1.2486836910247803,1.2517939805984497,0.18415550887584686,0.18415550887584686,38.023342000029515,False
plugin,warm,20,0.07982305437326431,4,1.247044563293457,1.2494418621063232,0.17116855084896088,0.17116855084896088,46.75433920000796,False
plugin,warm,21,0.0805334597826004,4,1.2490777969360352,1.2514333724975586,0.1699787676334381,0.1699787676334381,50.05265199998394,False
plugin,warm,22,0.07936675101518631,4,1.2481552362442017,1.2505673170089722,0.17805354297161102,0.17805354297161102,50.25917619996471,False
plugin,warm,23,0.07701228559017181,4,1.2469604015350342,1.2494145631790161,0.16965654492378235,0.16965654492378235,46.216065399959916,False
plugin,warm,24,0.07744476944208145,4,1.2476060390472412,1.2499583959579468,0.17206941545009613,0.17206941545009613,36.51939970001695,False
plugin,warm,25,0.07631338387727737,4,1.2492841482162476,1.2516794204711914,0.1715683490037918,0.1715683490037918,48.40517100010766,False
plugin,warm,26,0.07688609510660172,4,1.2466599941253662,1.2491049766540527,0.1686457395553589,0.1686457395553589,26.87909740000032,False
plugin,warm,27,0.0782845988869667,4,1.2473093271255493,1.2497403621673584,0.17546845972537994,0.17546845972537994,35.432537799846614,False
plugin,warm,28,0.08709429204463959,4,1.2448865175247192,1.2476811408996582,0.1922735869884491,0.1922735869884491,33.33749919998809,False
plugin,warm,29,0.0776522234082222,4,1.2483595609664917,1.2507197856903076,0.1701522320508957,0.1701522320508957,54.47797960002208,False
plugin,warm,30,0.0765228196978569,4,1.2490394115447998,1.2514455318450928,0.17349430918693542,0.17349430918693542,54.92057909999858,False
